10078,Cain Brothers,Corporate Finance Advisory
10079,Canaccord Genuity ,Brokerage
10080,Capstone Partners,Corporate Finance Advisory
10081,Centerview Partners,Corporate Finance Advisory
10082,Cowen Group,Corporate Finance Advisory
10083,Daewoo Securities,
10084,DC Advisory Partners,Corporate Finance Advisory
10085,Defoe Partners,Corporate Finance Advisory
10086,Duff & Phelps,Corporate Finance Advisory
10087,Ermgassen & Co,Corporate Finance Advisory
10088,Evercore Partners,Corporate Finance Advisory
10089,Exane,Corporate Finance Advisory
10090,Exotix,Corporate Finance Advisory
10091,Falcom Financial Services,Corporate Finance Advisory
10092,FBR Capital Markets,Corporate Finance Advisory
10093,Fenchurch Advisory Partners,Corporate Finance Advisory
10094,Financo,Corporate Finance Advisory
10095,First Capital,Corporate Finance Advisory
10096,First Energy Capital,Corporate Finance Advisory
10097,Foros Group,Corporate Finance Advisory
10098,GCA Savvian,Corporate Finance Advisory
10099,Gleacher Shacklock,Corporate Finance Advisory
10100,GP Bullhound,Corporate Finance Advisory
10101,Greenhill & Co,Corporate Finance Advisory
10102,Grisons Peak,Corporate Finance Advisory
10103,Gryphon Emerging Markets,Corporate Finance Advisory
10104,Guggenheim Partners,Corporate Finance Advisory
10105,Harris Williams & Company,Corporate Finance Advisory
10106,Houlihan Lokey,Corporate Finance Advisory
10107,Imperial Capital,Corporate Finance Advisory
10108,Investment Technology Group,Corporate Finance Advisory
10109,Jefferies & Co,Financial Services General
10111,LD&A Jupiter,Corporate Finance Advisory
10112,"Keefe, Bruyette & Woods",Corporate Finance Advisory
10113,Kepler Capital Markets,Brokerage
10114,Ladenburg Thalmann,Corporate Finance Advisory
10115,Lazard,Corporate Finance Advisory
10116,Leonardo & Co,Corporate Finance Advisory
10117,Lincoln International,Corporate Finance Advisory
10118,Stormharbour Securities,Corporate Finance Advisory
10119,Marathon Capital,Corporate Finance Advisory
10120,Miller Buckfire,Corporate Finance Advisory
10121,Moelis,Corporate Finance Advisory
10122,Morgan Keegan & Company,Corporate Finance Advisory
10123,Rothschild,Investment Banking
10124,Needham and Company,Corporate Finance Advisory
10125,Noble Grossart,
10126,Nordea,Corporate Finance Advisory
10127,Oppenheimer & Co,Corporate Finance Advisory
10128,Perella Weinberg,Corporate Finance Advisory
10129,Pottinger,Corporate Finance Advisory
10130,Qatalyst,Corporate Finance Advisory
10131,Raymond James,Corporate Finance Advisory
10132,Hoare Govett,Brokerage
10133,Robert W. Baird & Company,Corporate Finance Advisory
10134,Sagent Advisors,Private Equity General
10135,Sandler O'Neilll,Corporate Finance Advisory
10136,Sanford Bernstein,Corporate Finance Advisory
10137,SEB Enskilda,Corporate Finance Advisory
10138,Sherman & Company,Corporate Finance Advisory
10139,Simmons & Company,Corporate Finance Advisory
10140,Stephens Inc,Investment Banking
10141,Thomas Weisel Partners,Corporate Finance Advisory
10142,Vermillion Partners,Corporate Finance Advisory
10143,William Blair & Company,Corporate Finance Advisory
10144,WR Hambrecht & Co,Corporate Finance Advisory
10145,XMS Capital,Corporate Finance Advisory
10146,United Overseas Bank (UOB),Financial Services General
10147,AD Securities,Brokerage
10148,Alfa Capital Markets,Investment Banking
10149,Allenby Capital,Brokerage
10150,Altium Capital,Brokerage
10000,Europa Partners,Corporate Finance Advisory
10001,Deloitte,Accountancy Services
10002,Nexus,Corporate Finance Advisory
10003,BAML,Investment Banking
10004,Citi,Investment Banking
10005,Morgan Stanley,Investment Banking
10006,J.P. Morgan,Investment Banking
10007,Goldman Sachs,Investment Banking
10009,Deutsche Bank,Investment Banking
10010,UBS,Investment Banking
10011,Credit Suisse,Investment Banking
10012,Nomura,Investment Banking
10013,ABN Amro,Financial Services General
10014,Banca IMI,Financial Services General
10016,BB&T Capital Markets,Financial Services General
10017,BBVA,Financial Services General
10018,BMO Capital Markets,Investment Banking
10019,BNP Paribas,Financial Services General
10020,China Construction Bank,Financial Services General
10021,CIBC World Markets,Financial Services General
10022,CICC (China International Capital Corporation),Financial Services General
10023,Commerzbank,Financial Services General
10024,Commonwealth Bank of Australia (CBA),Financial Services General
10025,Daiwa Capital Markets,Investment Banking
10026,European Investment Bank,Financial Services General
10027,Gulf International Bank,Financial Services General
10028,HINA Group,Financial Services General
10029,HSBC,Financial Services General
